User ID,Email,First Name,Last Name
nd.automated-drone_0,nd.automated+drone_0@gmail.com,nd.drone_0,Automated
nd.automated-drone_1,nd.automated+drone_1@gmail.com,nd.drone_1,Automated
nd.automated-drone_2,nd.automated+drone_2@gmail.com,nd.drone_2,Automated
nd.automated-drone_3,nd.automated+drone_3@gmail.com,nd.drone_3,Automated
nd.automated-drone_4,nd.automated+drone_4@gmail.com,nd.drone_4,Automated
nd.automated-drone_5,nd.automated+drone_5@gmail.com,nd.drone_5,Automated
nd.automated-drone_6,nd.automated+drone_6@gmail.com,nd.drone_6,Automated
nd.automated-drone_7,nd.automated+drone_7@gmail.com,nd.drone_7,Automated
nd.automated-drone_8,nd.automated+drone_8@gmail.com,nd.drone_8,Automated
nd.automated-drone_9,nd.automated+drone_9@gmail.com,nd.drone_9,Automated
nd.automated-drone_10,nd.automated+drone_10@gmail.com,nd.drone_10,Automated
nd.automated-drone_11,nd.automated+drone_11@gmail.com,nd.drone_11,Automated
nd.automated-drone_12,nd.automated+drone_12@gmail.com,nd.drone_12,Automated
nd.automated-drone_13,nd.automated+drone_13@gmail.com,nd.drone_13,Automated
nd.automated-drone_14,nd.automated+drone_14@gmail.com,nd.drone_14,Automated
nd.automated-drone_15,nd.automated+drone_15@gmail.com,nd.drone_15,Automated
nd.automated-drone_16,nd.automated+drone_16@gmail.com,nd.drone_16,Automated
nd.automated-drone_17,nd.automated+drone_17@gmail.com,nd.drone_17,Automated
nd.automated-drone_18,nd.automated+drone_18@gmail.com,nd.drone_18,Automated
nd.automated-drone_19,nd.automated+drone_19@gmail.com,nd.drone_19,Automated
nd.automated-drone_20,nd.automated+drone_20@gmail.com,nd.drone_20,Automated
nd.automated-drone_21,nd.automated+drone_21@gmail.com,nd.drone_21,Automated
nd.automated-drone_22,nd.automated+drone_22@gmail.com,nd.drone_22,Automated
nd.automated-drone_23,nd.automated+drone_23@gmail.com,nd.drone_23,Automated
nd.automated-drone_24,nd.automated+drone_24@gmail.com,nd.drone_24,Automated
nd.automated-drone_25,nd.automated+drone_25@gmail.com,nd.drone_25,Automated
nd.automated-drone_26,nd.automated+drone_26@gmail.com,nd.drone_26,Automated
nd.automated-drone_27,nd.automated+drone_27@gmail.com,nd.drone_27,Automated
nd.automated-drone_28,nd.automated+drone_28@gmail.com,nd.drone_28,Automated
nd.automated-drone_29,nd.automated+drone_29@gmail.com,nd.drone_29,Automated
nd.automated-drone_30,nd.automated+drone_30@gmail.com,nd.drone_30,Automated
nd.automated-drone_31,nd.automated+drone_31@gmail.com,nd.drone_31,Automated
nd.automated-drone_32,nd.automated+drone_32@gmail.com,nd.drone_32,Automated
nd.automated-drone_33,nd.automated+drone_33@gmail.com,nd.drone_33,Automated
nd.automated-drone_34,nd.automated+drone_34@gmail.com,nd.drone_34,Automated
nd.automated-drone_35,nd.automated+drone_35@gmail.com,nd.drone_35,Automated
nd.automated-drone_36,nd.automated+drone_36@gmail.com,nd.drone_36,Automated
nd.automated-drone_37,nd.automated+drone_37@gmail.com,nd.drone_37,Automated
nd.automated-drone_38,nd.automated+drone_38@gmail.com,nd.drone_38,Automated
nd.automated-drone_39,nd.automated+drone_39@gmail.com,nd.drone_39,Automated
nd.automated-drone_40,nd.automated+drone_40@gmail.com,nd.drone_40,Automated
nd.automated-drone_41,nd.automated+drone_41@gmail.com,nd.drone_41,Automated
nd.automated-drone_42,nd.automated+drone_42@gmail.com,nd.drone_42,Automated
nd.automated-drone_43,nd.automated+drone_43@gmail.com,nd.drone_43,Automated
nd.automated-drone_44,nd.automated+drone_44@gmail.com,nd.drone_44,Automated
nd.automated-drone_45,nd.automated+drone_45@gmail.com,nd.drone_45,Automated
nd.automated-drone_46,nd.automated+drone_46@gmail.com,nd.drone_46,Automated
nd.automated-drone_47,nd.automated+drone_47@gmail.com,nd.drone_47,Automated
nd.automated-drone_48,nd.automated+drone_48@gmail.com,nd.drone_48,Automated
nd.automated-drone_49,nd.automated+drone_49@gmail.com,nd.drone_49,Automated
nd.automated-drone_50,nd.automated+drone_50@gmail.com,nd.drone_50,Automated
nd.automated-drone_51,nd.automated+drone_51@gmail.com,nd.drone_51,Automated
nd.automated-drone_52,nd.automated+drone_52@gmail.com,nd.drone_52,Automated
nd.automated-drone_53,nd.automated+drone_53@gmail.com,nd.drone_53,Automated
nd.automated-drone_54,nd.automated+drone_54@gmail.com,nd.drone_54,Automated
nd.automated-drone_55,nd.automated+drone_55@gmail.com,nd.drone_55,Automated
nd.automated-drone_56,nd.automated+drone_56@gmail.com,nd.drone_56,Automated
nd.automated-drone_57,nd.automated+drone_57@gmail.com,nd.drone_57,Automated
nd.automated-drone_58,nd.automated+drone_58@gmail.com,nd.drone_58,Automated
nd.automated-drone_59,nd.automated+drone_59@gmail.com,nd.drone_59,Automated
nd.automated-drone_60,nd.automated+drone_60@gmail.com,nd.drone_60,Automated
nd.automated-drone_61,nd.automated+drone_61@gmail.com,nd.drone_61,Automated
nd.automated-drone_62,nd.automated+drone_62@gmail.com,nd.drone_62,Automated
nd.automated-drone_63,nd.automated+drone_63@gmail.com,nd.drone_63,Automated
nd.automated-drone_64,nd.automated+drone_64@gmail.com,nd.drone_64,Automated
nd.automated-drone_65,nd.automated+drone_65@gmail.com,nd.drone_65,Automated
nd.automated-drone_66,nd.automated+drone_66@gmail.com,nd.drone_66,Automated
nd.automated-drone_67,nd.automated+drone_67@gmail.com,nd.drone_67,Automated
nd.automated-drone_68,nd.automated+drone_68@gmail.com,nd.drone_68,Automated
nd.automated-drone_69,nd.automated+drone_69@gmail.com,nd.drone_69,Automated
nd.automated-drone_70,nd.automated+drone_70@gmail.com,nd.drone_70,Automated
nd.automated-drone_71,nd.automated+drone_71@gmail.com,nd.drone_71,Automated
nd.automated-drone_72,nd.automated+drone_72@gmail.com,nd.drone_72,Automated
nd.automated-drone_73,nd.automated+drone_73@gmail.com,nd.drone_73,Automated
nd.automated-drone_74,nd.automated+drone_74@gmail.com,nd.drone_74,Automated
nd.automated-drone_75,nd.automated+drone_75@gmail.com,nd.drone_75,Automated
nd.automated-drone_76,nd.automated+drone_76@gmail.com,nd.drone_76,Automated
nd.automated-drone_77,nd.automated+drone_77@gmail.com,nd.drone_77,Automated
nd.automated-drone_78,nd.automated+drone_78@gmail.com,nd.drone_78,Automated
nd.automated-drone_79,nd.automated+drone_79@gmail.com,nd.drone_79,Automated
nd.automated-drone_80,nd.automated+drone_80@gmail.com,nd.drone_80,Automated
nd.automated-drone_81,nd.automated+drone_81@gmail.com,nd.drone_81,Automated
nd.automated-drone_82,nd.automated+drone_82@gmail.com,nd.drone_82,Automated
nd.automated-drone_83,nd.automated+drone_83@gmail.com,nd.drone_83,Automated
nd.automated-drone_84,nd.automated+drone_84@gmail.com,nd.drone_84,Automated
nd.automated-drone_85,nd.automated+drone_85@gmail.com,nd.drone_85,Automated
nd.automated-drone_86,nd.automated+drone_86@gmail.com,nd.drone_86,Automated
nd.automated-drone_87,nd.automated+drone_87@gmail.com,nd.drone_87,Automated
nd.automated-drone_88,nd.automated+drone_88@gmail.com,nd.drone_88,Automated
nd.automated-drone_89,nd.automated+drone_89@gmail.com,nd.drone_89,Automated
nd.automated-drone_90,nd.automated+drone_90@gmail.com,nd.drone_90,Automated
nd.automated-drone_91,nd.automated+drone_91@gmail.com,nd.drone_91,Automated
nd.automated-drone_92,nd.automated+drone_92@gmail.com,nd.drone_92,Automated
nd.automated-drone_93,nd.automated+drone_93@gmail.com,nd.drone_93,Automated
nd.automated-drone_94,nd.automated+drone_94@gmail.com,nd.drone_94,Automated
nd.automated-drone_95,nd.automated+drone_95@gmail.com,nd.drone_95,Automated
nd.automated-drone_96,nd.automated+drone_96@gmail.com,nd.drone_96,Automated
nd.automated-drone_97,nd.automated+drone_97@gmail.com,nd.drone_97,Automated
nd.automated-drone_98,nd.automated+drone_98@gmail.com,nd.drone_98,Automated
nd.automated-drone_99,nd.automated+drone_99@gmail.com,nd.drone_99,Automated
nd.automated-drone_100,nd.automated+drone_100@gmail.com,nd.drone_100,Automated
nd.automated-drone_101,nd.automated+drone_101@gmail.com,nd.drone_101,Automated
nd.automated-drone_102,nd.automated+drone_102@gmail.com,nd.drone_102,Automated
nd.automated-drone_103,nd.automated+drone_103@gmail.com,nd.drone_103,Automated
nd.automated-drone_104,nd.automated+drone_104@gmail.com,nd.drone_104,Automated
nd.automated-drone_105,nd.automated+drone_105@gmail.com,nd.drone_105,Automated
nd.automated-drone_106,nd.automated+drone_106@gmail.com,nd.drone_106,Automated
nd.automated-drone_107,nd.automated+drone_107@gmail.com,nd.drone_107,Automated
nd.automated-drone_108,nd.automated+drone_108@gmail.com,nd.drone_108,Automated
nd.automated-drone_109,nd.automated+drone_109@gmail.com,nd.drone_109,Automated
nd.automated-drone_110,nd.automated+drone_110@gmail.com,nd.drone_110,Automated
nd.automated-drone_111,nd.automated+drone_111@gmail.com,nd.drone_111,Automated
nd.automated-drone_112,nd.automated+drone_112@gmail.com,nd.drone_112,Automated
nd.automated-drone_113,nd.automated+drone_113@gmail.com,nd.drone_113,Automated
nd.automated-drone_114,nd.automated+drone_114@gmail.com,nd.drone_114,Automated
nd.automated-drone_115,nd.automated+drone_115@gmail.com,nd.drone_115,Automated
nd.automated-drone_116,nd.automated+drone_116@gmail.com,nd.drone_116,Automated
nd.automated-drone_117,nd.automated+drone_117@gmail.com,nd.drone_117,Automated
nd.automated-drone_118,nd.automated+drone_118@gmail.com,nd.drone_118,Automated
nd.automated-drone_119,nd.automated+drone_119@gmail.com,nd.drone_119,Automated
nd.automated-drone_120,nd.automated+drone_120@gmail.com,nd.drone_120,Automated
nd.automated-drone_121,nd.automated+drone_121@gmail.com,nd.drone_121,Automated
nd.automated-drone_122,nd.automated+drone_122@gmail.com,nd.drone_122,Automated
nd.automated-drone_123,nd.automated+drone_123@gmail.com,nd.drone_123,Automated
nd.automated-drone_124,nd.automated+drone_124@gmail.com,nd.drone_124,Automated
nd.automated-drone_125,nd.automated+drone_125@gmail.com,nd.drone_125,Automated
nd.automated-drone_126,nd.automated+drone_126@gmail.com,nd.drone_126,Automated
nd.automated-drone_127,nd.automated+drone_127@gmail.com,nd.drone_127,Automated
nd.automated-drone_128,nd.automated+drone_128@gmail.com,nd.drone_128,Automated
nd.automated-drone_129,nd.automated+drone_129@gmail.com,nd.drone_129,Automated
nd.automated-drone_130,nd.automated+drone_130@gmail.com,nd.drone_130,Automated
nd.automated-drone_131,nd.automated+drone_131@gmail.com,nd.drone_131,Automated
nd.automated-drone_132,nd.automated+drone_132@gmail.com,nd.drone_132,Automated
nd.automated-drone_133,nd.automated+drone_133@gmail.com,nd.drone_133,Automated
nd.automated-drone_134,nd.automated+drone_134@gmail.com,nd.drone_134,Automated
nd.automated-drone_135,nd.automated+drone_135@gmail.com,nd.drone_135,Automated
nd.automated-drone_136,nd.automated+drone_136@gmail.com,nd.drone_136,Automated
nd.automated-drone_137,nd.automated+drone_137@gmail.com,nd.drone_137,Automated
nd.automated-drone_138,nd.automated+drone_138@gmail.com,nd.drone_138,Automated
nd.automated-drone_139,nd.automated+drone_139@gmail.com,nd.drone_139,Automated
nd.automated-drone_140,nd.automated+drone_140@gmail.com,nd.drone_140,Automated
nd.automated-drone_141,nd.automated+drone_141@gmail.com,nd.drone_141,Automated
nd.automated-drone_142,nd.automated+drone_142@gmail.com,nd.drone_142,Automated
nd.automated-drone_143,nd.automated+drone_143@gmail.com,nd.drone_143,Automated
nd.automated-drone_144,nd.automated+drone_144@gmail.com,nd.drone_144,Automated
nd.automated-drone_145,nd.automated+drone_145@gmail.com,nd.drone_145,Automated
nd.automated-drone_146,nd.automated+drone_146@gmail.com,nd.drone_146,Automated
nd.automated-drone_147,nd.automated+drone_147@gmail.com,nd.drone_147,Automated
nd.automated-drone_148,nd.automated+drone_148@gmail.com,nd.drone_148,Automated
nd.automated-drone_149,nd.automated+drone_149@gmail.com,nd.drone_149,Automated
nd.automated-drone_150,nd.automated+drone_150@gmail.com,nd.drone_150,Automated
nd.automated-drone_151,nd.automated+drone_151@gmail.com,nd.drone_151,Automated
nd.automated-drone_152,nd.automated+drone_152@gmail.com,nd.drone_152,Automated
nd.automated-drone_153,nd.automated+drone_153@gmail.com,nd.drone_153,Automated
nd.automated-drone_154,nd.automated+drone_154@gmail.com,nd.drone_154,Automated
nd.automated-drone_155,nd.automated+drone_155@gmail.com,nd.drone_155,Automated
nd.automated-drone_156,nd.automated+drone_156@gmail.com,nd.drone_156,Automated
nd.automated-drone_157,nd.automated+drone_157@gmail.com,nd.drone_157,Automated
nd.automated-drone_158,nd.automated+drone_158@gmail.com,nd.drone_158,Automated
nd.automated-drone_159,nd.automated+drone_159@gmail.com,nd.drone_159,Automated
nd.automated-drone_160,nd.automated+drone_160@gmail.com,nd.drone_160,Automated
nd.automated-drone_161,nd.automated+drone_161@gmail.com,nd.drone_161,Automated
nd.automated-drone_162,nd.automated+drone_162@gmail.com,nd.drone_162,Automated
nd.automated-drone_163,nd.automated+drone_163@gmail.com,nd.drone_163,Automated
nd.automated-drone_164,nd.automated+drone_164@gmail.com,nd.drone_164,Automated
nd.automated-drone_165,nd.automated+drone_165@gmail.com,nd.drone_165,Automated
nd.automated-drone_166,nd.automated+drone_166@gmail.com,nd.drone_166,Automated
nd.automated-drone_167,nd.automated+drone_167@gmail.com,nd.drone_167,Automated
nd.automated-drone_168,nd.automated+drone_168@gmail.com,nd.drone_168,Automated
nd.automated-drone_169,nd.automated+drone_169@gmail.com,nd.drone_169,Automated
nd.automated-drone_170,nd.automated+drone_170@gmail.com,nd.drone_170,Automated
nd.automated-drone_171,nd.automated+drone_171@gmail.com,nd.drone_171,Automated
nd.automated-drone_172,nd.automated+drone_172@gmail.com,nd.drone_172,Automated
nd.automated-drone_173,nd.automated+drone_173@gmail.com,nd.drone_173,Automated
nd.automated-drone_174,nd.automated+drone_174@gmail.com,nd.drone_174,Automated
nd.automated-drone_175,nd.automated+drone_175@gmail.com,nd.drone_175,Automated
nd.automated-drone_176,nd.automated+drone_176@gmail.com,nd.drone_176,Automated
nd.automated-drone_177,nd.automated+drone_177@gmail.com,nd.drone_177,Automated
nd.automated-drone_178,nd.automated+drone_178@gmail.com,nd.drone_178,Automated
nd.automated-drone_179,nd.automated+drone_179@gmail.com,nd.drone_179,Automated
nd.automated-drone_180,nd.automated+drone_180@gmail.com,nd.drone_180,Automated
nd.automated-drone_181,nd.automated+drone_181@gmail.com,nd.drone_181,Automated
nd.automated-drone_182,nd.automated+drone_182@gmail.com,nd.drone_182,Automated
nd.automated-drone_183,nd.automated+drone_183@gmail.com,nd.drone_183,Automated
nd.automated-drone_184,nd.automated+drone_184@gmail.com,nd.drone_184,Automated
nd.automated-drone_185,nd.automated+drone_185@gmail.com,nd.drone_185,Automated
nd.automated-drone_186,nd.automated+drone_186@gmail.com,nd.drone_186,Automated
nd.automated-drone_187,nd.automated+drone_187@gmail.com,nd.drone_187,Automated
nd.automated-drone_188,nd.automated+drone_188@gmail.com,nd.drone_188,Automated
nd.automated-drone_189,nd.automated+drone_189@gmail.com,nd.drone_189,Automated
nd.automated-drone_190,nd.automated+drone_190@gmail.com,nd.drone_190,Automated
nd.automated-drone_191,nd.automated+drone_191@gmail.com,nd.drone_191,Automated
nd.automated-drone_192,nd.automated+drone_192@gmail.com,nd.drone_192,Automated
nd.automated-drone_193,nd.automated+drone_193@gmail.com,nd.drone_193,Automated
nd.automated-drone_194,nd.automated+drone_194@gmail.com,nd.drone_194,Automated
nd.automated-drone_195,nd.automated+drone_195@gmail.com,nd.drone_195,Automated
nd.automated-drone_196,nd.automated+drone_196@gmail.com,nd.drone_196,Automated
nd.automated-drone_197,nd.automated+drone_197@gmail.com,nd.drone_197,Automated
nd.automated-drone_198,nd.automated+drone_198@gmail.com,nd.drone_198,Automated
nd.automated-drone_199,nd.automated+drone_199@gmail.com,nd.drone_199,Automated
nd.automated-drone_200,nd.automated+drone_200@gmail.com,nd.drone_200,Automated
nd.automated-drone_201,nd.automated+drone_201@gmail.com,nd.drone_201,Automated
nd.automated-drone_202,nd.automated+drone_202@gmail.com,nd.drone_202,Automated
nd.automated-drone_203,nd.automated+drone_203@gmail.com,nd.drone_203,Automated
nd.automated-drone_204,nd.automated+drone_204@gmail.com,nd.drone_204,Automated
nd.automated-drone_205,nd.automated+drone_205@gmail.com,nd.drone_205,Automated
nd.automated-drone_206,nd.automated+drone_206@gmail.com,nd.drone_206,Automated
nd.automated-drone_207,nd.automated+drone_207@gmail.com,nd.drone_207,Automated
nd.automated-drone_208,nd.automated+drone_208@gmail.com,nd.drone_208,Automated
nd.automated-drone_209,nd.automated+drone_209@gmail.com,nd.drone_209,Automated
nd.automated-drone_210,nd.automated+drone_210@gmail.com,nd.drone_210,Automated
nd.automated-drone_211,nd.automated+drone_211@gmail.com,nd.drone_211,Automated
nd.automated-drone_212,nd.automated+drone_212@gmail.com,nd.drone_212,Automated
nd.automated-drone_213,nd.automated+drone_213@gmail.com,nd.drone_213,Automated
nd.automated-drone_214,nd.automated+drone_214@gmail.com,nd.drone_214,Automated
nd.automated-drone_215,nd.automated+drone_215@gmail.com,nd.drone_215,Automated
nd.automated-drone_216,nd.automated+drone_216@gmail.com,nd.drone_216,Automated
nd.automated-drone_217,nd.automated+drone_217@gmail.com,nd.drone_217,Automated
nd.automated-drone_218,nd.automated+drone_218@gmail.com,nd.drone_218,Automated
nd.automated-drone_219,nd.automated+drone_219@gmail.com,nd.drone_219,Automated
nd.automated-drone_220,nd.automated+drone_220@gmail.com,nd.drone_220,Automated
nd.automated-drone_221,nd.automated+drone_221@gmail.com,nd.drone_221,Automated
nd.automated-drone_222,nd.automated+drone_222@gmail.com,nd.drone_222,Automated
nd.automated-drone_223,nd.automated+drone_223@gmail.com,nd.drone_223,Automated
nd.automated-drone_224,nd.automated+drone_224@gmail.com,nd.drone_224,Automated
nd.automated-drone_225,nd.automated+drone_225@gmail.com,nd.drone_225,Automated
nd.automated-drone_226,nd.automated+drone_226@gmail.com,nd.drone_226,Automated
nd.automated-drone_227,nd.automated+drone_227@gmail.com,nd.drone_227,Automated
nd.automated-drone_228,nd.automated+drone_228@gmail.com,nd.drone_228,Automated
nd.automated-drone_229,nd.automated+drone_229@gmail.com,nd.drone_229,Automated
nd.automated-drone_230,nd.automated+drone_230@gmail.com,nd.drone_230,Automated
nd.automated-drone_231,nd.automated+drone_231@gmail.com,nd.drone_231,Automated
nd.automated-drone_232,nd.automated+drone_232@gmail.com,nd.drone_232,Automated
nd.automated-drone_233,nd.automated+drone_233@gmail.com,nd.drone_233,Automated
nd.automated-drone_234,nd.automated+drone_234@gmail.com,nd.drone_234,Automated
nd.automated-drone_235,nd.automated+drone_235@gmail.com,nd.drone_235,Automated
nd.automated-drone_236,nd.automated+drone_236@gmail.com,nd.drone_236,Automated
nd.automated-drone_237,nd.automated+drone_237@gmail.com,nd.drone_237,Automated
nd.automated-drone_238,nd.automated+drone_238@gmail.com,nd.drone_238,Automated
nd.automated-drone_239,nd.automated+drone_239@gmail.com,nd.drone_239,Automated
nd.automated-drone_240,nd.automated+drone_240@gmail.com,nd.drone_240,Automated
nd.automated-drone_241,nd.automated+drone_241@gmail.com,nd.drone_241,Automated
nd.automated-drone_242,nd.automated+drone_242@gmail.com,nd.drone_242,Automated
nd.automated-drone_243,nd.automated+drone_243@gmail.com,nd.drone_243,Automated
nd.automated-drone_244,nd.automated+drone_244@gmail.com,nd.drone_244,Automated
nd.automated-drone_245,nd.automated+drone_245@gmail.com,nd.drone_245,Automated
nd.automated-drone_246,nd.automated+drone_246@gmail.com,nd.drone_246,Automated
nd.automated-drone_247,nd.automated+drone_247@gmail.com,nd.drone_247,Automated
nd.automated-drone_248,nd.automated+drone_248@gmail.com,nd.drone_248,Automated
nd.automated-drone_249,nd.automated+drone_249@gmail.com,nd.drone_249,Automated
nd.automated-drone_250,nd.automated+drone_250@gmail.com,nd.drone_250,Automated
nd.automated-drone_251,nd.automated+drone_251@gmail.com,nd.drone_251,Automated
nd.automated-drone_252,nd.automated+drone_252@gmail.com,nd.drone_252,Automated
nd.automated-drone_253,nd.automated+drone_253@gmail.com,nd.drone_253,Automated
nd.automated-drone_254,nd.automated+drone_254@gmail.com,nd.drone_254,Automated
nd.automated-drone_255,nd.automated+drone_255@gmail.com,nd.drone_255,Automated
nd.automated-drone_256,nd.automated+drone_256@gmail.com,nd.drone_256,Automated
nd.automated-drone_257,nd.automated+drone_257@gmail.com,nd.drone_257,Automated
nd.automated-drone_258,nd.automated+drone_258@gmail.com,nd.drone_258,Automated
nd.automated-drone_259,nd.automated+drone_259@gmail.com,nd.drone_259,Automated
nd.automated-drone_260,nd.automated+drone_260@gmail.com,nd.drone_260,Automated
nd.automated-drone_261,nd.automated+drone_261@gmail.com,nd.drone_261,Automated
nd.automated-drone_262,nd.automated+drone_262@gmail.com,nd.drone_262,Automated
nd.automated-drone_263,nd.automated+drone_263@gmail.com,nd.drone_263,Automated
nd.automated-drone_264,nd.automated+drone_264@gmail.com,nd.drone_264,Automated
nd.automated-drone_265,nd.automated+drone_265@gmail.com,nd.drone_265,Automated
nd.automated-drone_266,nd.automated+drone_266@gmail.com,nd.drone_266,Automated
nd.automated-drone_267,nd.automated+drone_267@gmail.com,nd.drone_267,Automated
nd.automated-drone_268,nd.automated+drone_268@gmail.com,nd.drone_268,Automated
nd.automated-drone_269,nd.automated+drone_269@gmail.com,nd.drone_269,Automated
nd.automated-drone_270,nd.automated+drone_270@gmail.com,nd.drone_270,Automated
nd.automated-drone_271,nd.automated+drone_271@gmail.com,nd.drone_271,Automated
nd.automated-drone_272,nd.automated+drone_272@gmail.com,nd.drone_272,Automated
nd.automated-drone_273,nd.automated+drone_273@gmail.com,nd.drone_273,Automated
nd.automated-drone_274,nd.automated+drone_274@gmail.com,nd.drone_274,Automated
nd.automated-drone_275,nd.automated+drone_275@gmail.com,nd.drone_275,Automated
nd.automated-drone_276,nd.automated+drone_276@gmail.com,nd.drone_276,Automated
nd.automated-drone_277,nd.automated+drone_277@gmail.com,nd.drone_277,Automated
nd.automated-drone_278,nd.automated+drone_278@gmail.com,nd.drone_278,Automated
nd.automated-drone_279,nd.automated+drone_279@gmail.com,nd.drone_279,Automated
nd.automated-drone_280,nd.automated+drone_280@gmail.com,nd.drone_280,Automated
nd.automated-drone_281,nd.automated+drone_281@gmail.com,nd.drone_281,Automated
nd.automated-drone_282,nd.automated+drone_282@gmail.com,nd.drone_282,Automated
nd.automated-drone_283,nd.automated+drone_283@gmail.com,nd.drone_283,Automated
nd.automated-drone_284,nd.automated+drone_284@gmail.com,nd.drone_284,Automated
nd.automated-drone_285,nd.automated+drone_285@gmail.com,nd.drone_285,Automated
nd.automated-drone_286,nd.automated+drone_286@gmail.com,nd.drone_286,Automated
nd.automated-drone_287,nd.automated+drone_287@gmail.com,nd.drone_287,Automated
nd.automated-drone_288,nd.automated+drone_288@gmail.com,nd.drone_288,Automated
nd.automated-drone_289,nd.automated+drone_289@gmail.com,nd.drone_289,Automated
nd.automated-drone_290,nd.automated+drone_290@gmail.com,nd.drone_290,Automated
nd.automated-drone_291,nd.automated+drone_291@gmail.com,nd.drone_291,Automated
nd.automated-drone_292,nd.automated+drone_292@gmail.com,nd.drone_292,Automated
nd.automated-drone_293,nd.automated+drone_293@gmail.com,nd.drone_293,Automated
nd.automated-drone_294,nd.automated+drone_294@gmail.com,nd.drone_294,Automated
nd.automated-drone_295,nd.automated+drone_295@gmail.com,nd.drone_295,Automated
nd.automated-drone_296,nd.automated+drone_296@gmail.com,nd.drone_296,Automated
nd.automated-drone_297,nd.automated+drone_297@gmail.com,nd.drone_297,Automated
nd.automated-drone_298,nd.automated+drone_298@gmail.com,nd.drone_298,Automated
nd.automated-drone_299,nd.automated+drone_299@gmail.com,nd.drone_299,Automated
nd.automated-drone_300,nd.automated+drone_300@gmail.com,nd.drone_300,Automated
nd.automated-drone_301,nd.automated+drone_301@gmail.com,nd.drone_301,Automated
nd.automated-drone_302,nd.automated+drone_302@gmail.com,nd.drone_302,Automated
nd.automated-drone_303,nd.automated+drone_303@gmail.com,nd.drone_303,Automated
nd.automated-drone_304,nd.automated+drone_304@gmail.com,nd.drone_304,Automated
nd.automated-drone_305,nd.automated+drone_305@gmail.com,nd.drone_305,Automated
nd.automated-drone_306,nd.automated+drone_306@gmail.com,nd.drone_306,Automated
nd.automated-drone_307,nd.automated+drone_307@gmail.com,nd.drone_307,Automated
nd.automated-drone_308,nd.automated+drone_308@gmail.com,nd.drone_308,Automated
nd.automated-drone_309,nd.automated+drone_309@gmail.com,nd.drone_309,Automated
nd.automated-drone_310,nd.automated+drone_310@gmail.com,nd.drone_310,Automated
nd.automated-drone_311,nd.automated+drone_311@gmail.com,nd.drone_311,Automated
nd.automated-drone_312,nd.automated+drone_312@gmail.com,nd.drone_312,Automated
nd.automated-drone_313,nd.automated+drone_313@gmail.com,nd.drone_313,Automated
nd.automated-drone_314,nd.automated+drone_314@gmail.com,nd.drone_314,Automated
nd.automated-drone_315,nd.automated+drone_315@gmail.com,nd.drone_315,Automated
nd.automated-drone_316,nd.automated+drone_316@gmail.com,nd.drone_316,Automated
nd.automated-drone_317,nd.automated+drone_317@gmail.com,nd.drone_317,Automated
nd.automated-drone_318,nd.automated+drone_318@gmail.com,nd.drone_318,Automated
nd.automated-drone_319,nd.automated+drone_319@gmail.com,nd.drone_319,Automated
nd.automated-drone_320,nd.automated+drone_320@gmail.com,nd.drone_320,Automated
nd.automated-drone_321,nd.automated+drone_321@gmail.com,nd.drone_321,Automated
nd.automated-drone_322,nd.automated+drone_322@gmail.com,nd.drone_322,Automated
nd.automated-drone_323,nd.automated+drone_323@gmail.com,nd.drone_323,Automated
nd.automated-drone_324,nd.automated+drone_324@gmail.com,nd.drone_324,Automated
nd.automated-drone_325,nd.automated+drone_325@gmail.com,nd.drone_325,Automated
nd.automated-drone_326,nd.automated+drone_326@gmail.com,nd.drone_326,Automated
nd.automated-drone_327,nd.automated+drone_327@gmail.com,nd.drone_327,Automated
nd.automated-drone_328,nd.automated+drone_328@gmail.com,nd.drone_328,Automated
nd.automated-drone_329,nd.automated+drone_329@gmail.com,nd.drone_329,Automated
nd.automated-drone_330,nd.automated+drone_330@gmail.com,nd.drone_330,Automated
nd.automated-drone_331,nd.automated+drone_331@gmail.com,nd.drone_331,Automated
nd.automated-drone_332,nd.automated+drone_332@gmail.com,nd.drone_332,Automated
nd.automated-drone_333,nd.automated+drone_333@gmail.com,nd.drone_333,Automated
nd.automated-drone_334,nd.automated+drone_334@gmail.com,nd.drone_334,Automated
nd.automated-drone_335,nd.automated+drone_335@gmail.com,nd.drone_335,Automated
nd.automated-drone_336,nd.automated+drone_336@gmail.com,nd.drone_336,Automated
nd.automated-drone_337,nd.automated+drone_337@gmail.com,nd.drone_337,Automated
nd.automated-drone_338,nd.automated+drone_338@gmail.com,nd.drone_338,Automated
nd.automated-drone_339,nd.automated+drone_339@gmail.com,nd.drone_339,Automated
nd.automated-drone_340,nd.automated+drone_340@gmail.com,nd.drone_340,Automated
nd.automated-drone_341,nd.automated+drone_341@gmail.com,nd.drone_341,Automated
nd.automated-drone_342,nd.automated+drone_342@gmail.com,nd.drone_342,Automated
nd.automated-drone_343,nd.automated+drone_343@gmail.com,nd.drone_343,Automated
nd.automated-drone_344,nd.automated+drone_344@gmail.com,nd.drone_344,Automated
nd.automated-drone_345,nd.automated+drone_345@gmail.com,nd.drone_345,Automated
nd.automated-drone_346,nd.automated+drone_346@gmail.com,nd.drone_346,Automated
nd.automated-drone_347,nd.automated+drone_347@gmail.com,nd.drone_347,Automated
nd.automated-drone_348,nd.automated+drone_348@gmail.com,nd.drone_348,Automated
nd.automated-drone_349,nd.automated+drone_349@gmail.com,nd.drone_349,Automated
nd.automated-drone_350,nd.automated+drone_350@gmail.com,nd.drone_350,Automated
nd.automated-drone_351,nd.automated+drone_351@gmail.com,nd.drone_351,Automated
nd.automated-drone_352,nd.automated+drone_352@gmail.com,nd.drone_352,Automated
nd.automated-drone_353,nd.automated+drone_353@gmail.com,nd.drone_353,Automated
nd.automated-drone_354,nd.automated+drone_354@gmail.com,nd.drone_354,Automated
nd.automated-drone_355,nd.automated+drone_355@gmail.com,nd.drone_355,Automated
nd.automated-drone_356,nd.automated+drone_356@gmail.com,nd.drone_356,Automated
nd.automated-drone_357,nd.automated+drone_357@gmail.com,nd.drone_357,Automated
nd.automated-drone_358,nd.automated+drone_358@gmail.com,nd.drone_358,Automated
nd.automated-drone_359,nd.automated+drone_359@gmail.com,nd.drone_359,Automated
nd.automated-drone_360,nd.automated+drone_360@gmail.com,nd.drone_360,Automated
nd.automated-drone_361,nd.automated+drone_361@gmail.com,nd.drone_361,Automated
nd.automated-drone_362,nd.automated+drone_362@gmail.com,nd.drone_362,Automated
nd.automated-drone_363,nd.automated+drone_363@gmail.com,nd.drone_363,Automated
nd.automated-drone_364,nd.automated+drone_364@gmail.com,nd.drone_364,Automated
nd.automated-drone_365,nd.automated+drone_365@gmail.com,nd.drone_365,Automated
nd.automated-drone_366,nd.automated+drone_366@gmail.com,nd.drone_366,Automated
nd.automated-drone_367,nd.automated+drone_367@gmail.com,nd.drone_367,Automated
nd.automated-drone_368,nd.automated+drone_368@gmail.com,nd.drone_368,Automated
nd.automated-drone_369,nd.automated+drone_369@gmail.com,nd.drone_369,Automated
nd.automated-drone_370,nd.automated+drone_370@gmail.com,nd.drone_370,Automated
nd.automated-drone_371,nd.automated+drone_371@gmail.com,nd.drone_371,Automated
nd.automated-drone_372,nd.automated+drone_372@gmail.com,nd.drone_372,Automated
nd.automated-drone_373,nd.automated+drone_373@gmail.com,nd.drone_373,Automated
nd.automated-drone_374,nd.automated+drone_374@gmail.com,nd.drone_374,Automated
nd.automated-drone_375,nd.automated+drone_375@gmail.com,nd.drone_375,Automated
nd.automated-drone_376,nd.automated+drone_376@gmail.com,nd.drone_376,Automated
nd.automated-drone_377,nd.automated+drone_377@gmail.com,nd.drone_377,Automated
nd.automated-drone_378,nd.automated+drone_378@gmail.com,nd.drone_378,Automated
nd.automated-drone_379,nd.automated+drone_379@gmail.com,nd.drone_379,Automated
nd.automated-drone_380,nd.automated+drone_380@gmail.com,nd.drone_380,Automated
nd.automated-drone_381,nd.automated+drone_381@gmail.com,nd.drone_381,Automated
nd.automated-drone_382,nd.automated+drone_382@gmail.com,nd.drone_382,Automated
nd.automated-drone_383,nd.automated+drone_383@gmail.com,nd.drone_383,Automated
nd.automated-drone_384,nd.automated+drone_384@gmail.com,nd.drone_384,Automated
nd.automated-drone_385,nd.automated+drone_385@gmail.com,nd.drone_385,Automated
nd.automated-drone_386,nd.automated+drone_386@gmail.com,nd.drone_386,Automated
nd.automated-drone_387,nd.automated+drone_387@gmail.com,nd.drone_387,Automated
nd.automated-drone_388,nd.automated+drone_388@gmail.com,nd.drone_388,Automated
nd.automated-drone_389,nd.automated+drone_389@gmail.com,nd.drone_389,Automated
nd.automated-drone_390,nd.automated+drone_390@gmail.com,nd.drone_390,Automated
nd.automated-drone_391,nd.automated+drone_391@gmail.com,nd.drone_391,Automated
nd.automated-drone_392,nd.automated+drone_392@gmail.com,nd.drone_392,Automated
nd.automated-drone_393,nd.automated+drone_393@gmail.com,nd.drone_393,Automated
nd.automated-drone_394,nd.automated+drone_394@gmail.com,nd.drone_394,Automated
nd.automated-drone_395,nd.automated+drone_395@gmail.com,nd.drone_395,Automated
nd.automated-drone_396,nd.automated+drone_396@gmail.com,nd.drone_396,Automated
nd.automated-drone_397,nd.automated+drone_397@gmail.com,nd.drone_397,Automated
nd.automated-drone_398,nd.automated+drone_398@gmail.com,nd.drone_398,Automated
nd.automated-drone_399,nd.automated+drone_399@gmail.com,nd.drone_399,Automated
nd.automated-drone_400,nd.automated+drone_400@gmail.com,nd.drone_400,Automated
nd.automated-drone_401,nd.automated+drone_401@gmail.com,nd.drone_401,Automated
nd.automated-drone_402,nd.automated+drone_402@gmail.com,nd.drone_402,Automated
nd.automated-drone_403,nd.automated+drone_403@gmail.com,nd.drone_403,Automated
nd.automated-drone_404,nd.automated+drone_404@gmail.com,nd.drone_404,Automated
nd.automated-drone_405,nd.automated+drone_405@gmail.com,nd.drone_405,Automated
nd.automated-drone_406,nd.automated+drone_406@gmail.com,nd.drone_406,Automated
nd.automated-drone_407,nd.automated+drone_407@gmail.com,nd.drone_407,Automated
nd.automated-drone_408,nd.automated+drone_408@gmail.com,nd.drone_408,Automated
nd.automated-drone_409,nd.automated+drone_409@gmail.com,nd.drone_409,Automated
nd.automated-drone_410,nd.automated+drone_410@gmail.com,nd.drone_410,Automated
nd.automated-drone_411,nd.automated+drone_411@gmail.com,nd.drone_411,Automated
nd.automated-drone_412,nd.automated+drone_412@gmail.com,nd.drone_412,Automated
nd.automated-drone_413,nd.automated+drone_413@gmail.com,nd.drone_413,Automated
nd.automated-drone_414,nd.automated+drone_414@gmail.com,nd.drone_414,Automated
nd.automated-drone_415,nd.automated+drone_415@gmail.com,nd.drone_415,Automated
nd.automated-drone_416,nd.automated+drone_416@gmail.com,nd.drone_416,Automated
nd.automated-drone_417,nd.automated+drone_417@gmail.com,nd.drone_417,Automated
nd.automated-drone_418,nd.automated+drone_418@gmail.com,nd.drone_418,Automated
nd.automated-drone_419,nd.automated+drone_419@gmail.com,nd.drone_419,Automated
nd.automated-drone_420,nd.automated+drone_420@gmail.com,nd.drone_420,Automated
nd.automated-drone_421,nd.automated+drone_421@gmail.com,nd.drone_421,Automated
nd.automated-drone_422,nd.automated+drone_422@gmail.com,nd.drone_422,Automated
nd.automated-drone_423,nd.automated+drone_423@gmail.com,nd.drone_423,Automated
nd.automated-drone_424,nd.automated+drone_424@gmail.com,nd.drone_424,Automated
nd.automated-drone_425,nd.automated+drone_425@gmail.com,nd.drone_425,Automated
nd.automated-drone_426,nd.automated+drone_426@gmail.com,nd.drone_426,Automated
nd.automated-drone_427,nd.automated+drone_427@gmail.com,nd.drone_427,Automated
nd.automated-drone_428,nd.automated+drone_428@gmail.com,nd.drone_428,Automated
nd.automated-drone_429,nd.automated+drone_429@gmail.com,nd.drone_429,Automated
nd.automated-drone_430,nd.automated+drone_430@gmail.com,nd.drone_430,Automated
nd.automated-drone_431,nd.automated+drone_431@gmail.com,nd.drone_431,Automated
nd.automated-drone_432,nd.automated+drone_432@gmail.com,nd.drone_432,Automated
nd.automated-drone_433,nd.automated+drone_433@gmail.com,nd.drone_433,Automated
nd.automated-drone_434,nd.automated+drone_434@gmail.com,nd.drone_434,Automated
nd.automated-drone_435,nd.automated+drone_435@gmail.com,nd.drone_435,Automated
nd.automated-drone_436,nd.automated+drone_436@gmail.com,nd.drone_436,Automated
nd.automated-drone_437,nd.automated+drone_437@gmail.com,nd.drone_437,Automated
nd.automated-drone_438,nd.automated+drone_438@gmail.com,nd.drone_438,Automated
nd.automated-drone_439,nd.automated+drone_439@gmail.com,nd.drone_439,Automated
nd.automated-drone_440,nd.automated+drone_440@gmail.com,nd.drone_440,Automated
nd.automated-drone_441,nd.automated+drone_441@gmail.com,nd.drone_441,Automated
nd.automated-drone_442,nd.automated+drone_442@gmail.com,nd.drone_442,Automated
nd.automated-drone_443,nd.automated+drone_443@gmail.com,nd.drone_443,Automated
nd.automated-drone_444,nd.automated+drone_444@gmail.com,nd.drone_444,Automated
nd.automated-drone_445,nd.automated+drone_445@gmail.com,nd.drone_445,Automated
nd.automated-drone_446,nd.automated+drone_446@gmail.com,nd.drone_446,Automated
nd.automated-drone_447,nd.automated+drone_447@gmail.com,nd.drone_447,Automated
nd.automated-drone_448,nd.automated+drone_448@gmail.com,nd.drone_448,Automated
nd.automated-drone_449,nd.automated+drone_449@gmail.com,nd.drone_449,Automated
nd.automated-drone_450,nd.automated+drone_450@gmail.com,nd.drone_450,Automated
nd.automated-drone_451,nd.automated+drone_451@gmail.com,nd.drone_451,Automated
nd.automated-drone_452,nd.automated+drone_452@gmail.com,nd.drone_452,Automated
nd.automated-drone_453,nd.automated+drone_453@gmail.com,nd.drone_453,Automated
nd.automated-drone_454,nd.automated+drone_454@gmail.com,nd.drone_454,Automated
nd.automated-drone_455,nd.automated+drone_455@gmail.com,nd.drone_455,Automated
nd.automated-drone_456,nd.automated+drone_456@gmail.com,nd.drone_456,Automated
nd.automated-drone_457,nd.automated+drone_457@gmail.com,nd.drone_457,Automated
nd.automated-drone_458,nd.automated+drone_458@gmail.com,nd.drone_458,Automated
nd.automated-drone_459,nd.automated+drone_459@gmail.com,nd.drone_459,Automated
nd.automated-drone_460,nd.automated+drone_460@gmail.com,nd.drone_460,Automated
nd.automated-drone_461,nd.automated+drone_461@gmail.com,nd.drone_461,Automated
nd.automated-drone_462,nd.automated+drone_462@gmail.com,nd.drone_462,Automated
nd.automated-drone_463,nd.automated+drone_463@gmail.com,nd.drone_463,Automated
nd.automated-drone_464,nd.automated+drone_464@gmail.com,nd.drone_464,Automated
nd.automated-drone_465,nd.automated+drone_465@gmail.com,nd.drone_465,Automated
nd.automated-drone_466,nd.automated+drone_466@gmail.com,nd.drone_466,Automated
nd.automated-drone_467,nd.automated+drone_467@gmail.com,nd.drone_467,Automated
nd.automated-drone_468,nd.automated+drone_468@gmail.com,nd.drone_468,Automated
nd.automated-drone_469,nd.automated+drone_469@gmail.com,nd.drone_469,Automated
nd.automated-drone_470,nd.automated+drone_470@gmail.com,nd.drone_470,Automated
nd.automated-drone_471,nd.automated+drone_471@gmail.com,nd.drone_471,Automated
nd.automated-drone_472,nd.automated+drone_472@gmail.com,nd.drone_472,Automated
nd.automated-drone_473,nd.automated+drone_473@gmail.com,nd.drone_473,Automated
nd.automated-drone_474,nd.automated+drone_474@gmail.com,nd.drone_474,Automated
nd.automated-drone_475,nd.automated+drone_475@gmail.com,nd.drone_475,Automated
nd.automated-drone_476,nd.automated+drone_476@gmail.com,nd.drone_476,Automated
nd.automated-drone_477,nd.automated+drone_477@gmail.com,nd.drone_477,Automated
nd.automated-drone_478,nd.automated+drone_478@gmail.com,nd.drone_478,Automated
nd.automated-drone_479,nd.automated+drone_479@gmail.com,nd.drone_479,Automated
nd.automated-drone_480,nd.automated+drone_480@gmail.com,nd.drone_480,Automated
nd.automated-drone_481,nd.automated+drone_481@gmail.com,nd.drone_481,Automated
nd.automated-drone_482,nd.automated+drone_482@gmail.com,nd.drone_482,Automated
nd.automated-drone_483,nd.automated+drone_483@gmail.com,nd.drone_483,Automated
nd.automated-drone_484,nd.automated+drone_484@gmail.com,nd.drone_484,Automated
nd.automated-drone_485,nd.automated+drone_485@gmail.com,nd.drone_485,Automated
nd.automated-drone_486,nd.automated+drone_486@gmail.com,nd.drone_486,Automated
nd.automated-drone_487,nd.automated+drone_487@gmail.com,nd.drone_487,Automated
nd.automated-drone_488,nd.automated+drone_488@gmail.com,nd.drone_488,Automated
nd.automated-drone_489,nd.automated+drone_489@gmail.com,nd.drone_489,Automated
nd.automated-drone_490,nd.automated+drone_490@gmail.com,nd.drone_490,Automated
nd.automated-drone_491,nd.automated+drone_491@gmail.com,nd.drone_491,Automated
nd.automated-drone_492,nd.automated+drone_492@gmail.com,nd.drone_492,Automated
nd.automated-drone_493,nd.automated+drone_493@gmail.com,nd.drone_493,Automated
nd.automated-drone_494,nd.automated+drone_494@gmail.com,nd.drone_494,Automated
nd.automated-drone_495,nd.automated+drone_495@gmail.com,nd.drone_495,Automated
nd.automated-drone_496,nd.automated+drone_496@gmail.com,nd.drone_496,Automated
nd.automated-drone_497,nd.automated+drone_497@gmail.com,nd.drone_497,Automated
nd.automated-drone_498,nd.automated+drone_498@gmail.com,nd.drone_498,Automated
nd.automated-drone_499,nd.automated+drone_499@gmail.com,nd.drone_499,Automated
nd.automated-drone_500,nd.automated+drone_500@gmail.com,nd.drone_500,Automated
nd.automated-drone_501,nd.automated+drone_501@gmail.com,nd.drone_501,Automated
nd.automated-drone_502,nd.automated+drone_502@gmail.com,nd.drone_502,Automated
nd.automated-drone_503,nd.automated+drone_503@gmail.com,nd.drone_503,Automated
nd.automated-drone_504,nd.automated+drone_504@gmail.com,nd.drone_504,Automated
nd.automated-drone_505,nd.automated+drone_505@gmail.com,nd.drone_505,Automated
nd.automated-drone_506,nd.automated+drone_506@gmail.com,nd.drone_506,Automated
nd.automated-drone_507,nd.automated+drone_507@gmail.com,nd.drone_507,Automated
nd.automated-drone_508,nd.automated+drone_508@gmail.com,nd.drone_508,Automated
nd.automated-drone_509,nd.automated+drone_509@gmail.com,nd.drone_509,Automated
nd.automated-drone_510,nd.automated+drone_510@gmail.com,nd.drone_510,Automated
nd.automated-drone_511,nd.automated+drone_511@gmail.com,nd.drone_511,Automated
nd.automated-drone_512,nd.automated+drone_512@gmail.com,nd.drone_512,Automated
nd.automated-drone_513,nd.automated+drone_513@gmail.com,nd.drone_513,Automated
nd.automated-drone_514,nd.automated+drone_514@gmail.com,nd.drone_514,Automated
nd.automated-drone_515,nd.automated+drone_515@gmail.com,nd.drone_515,Automated
nd.automated-drone_516,nd.automated+drone_516@gmail.com,nd.drone_516,Automated
nd.automated-drone_517,nd.automated+drone_517@gmail.com,nd.drone_517,Automated
nd.automated-drone_518,nd.automated+drone_518@gmail.com,nd.drone_518,Automated
nd.automated-drone_519,nd.automated+drone_519@gmail.com,nd.drone_519,Automated
nd.automated-drone_520,nd.automated+drone_520@gmail.com,nd.drone_520,Automated
nd.automated-drone_521,nd.automated+drone_521@gmail.com,nd.drone_521,Automated
nd.automated-drone_522,nd.automated+drone_522@gmail.com,nd.drone_522,Automated
nd.automated-drone_523,nd.automated+drone_523@gmail.com,nd.drone_523,Automated
nd.automated-drone_524,nd.automated+drone_524@gmail.com,nd.drone_524,Automated
nd.automated-drone_525,nd.automated+drone_525@gmail.com,nd.drone_525,Automated
nd.automated-drone_526,nd.automated+drone_526@gmail.com,nd.drone_526,Automated
nd.automated-drone_527,nd.automated+drone_527@gmail.com,nd.drone_527,Automated
nd.automated-drone_528,nd.automated+drone_528@gmail.com,nd.drone_528,Automated
nd.automated-drone_529,nd.automated+drone_529@gmail.com,nd.drone_529,Automated
nd.automated-drone_530,nd.automated+drone_530@gmail.com,nd.drone_530,Automated
nd.automated-drone_531,nd.automated+drone_531@gmail.com,nd.drone_531,Automated
nd.automated-drone_532,nd.automated+drone_532@gmail.com,nd.drone_532,Automated
nd.automated-drone_533,nd.automated+drone_533@gmail.com,nd.drone_533,Automated
nd.automated-drone_534,nd.automated+drone_534@gmail.com,nd.drone_534,Automated
nd.automated-drone_535,nd.automated+drone_535@gmail.com,nd.drone_535,Automated
nd.automated-drone_536,nd.automated+drone_536@gmail.com,nd.drone_536,Automated
nd.automated-drone_537,nd.automated+drone_537@gmail.com,nd.drone_537,Automated
nd.automated-drone_538,nd.automated+drone_538@gmail.com,nd.drone_538,Automated
nd.automated-drone_539,nd.automated+drone_539@gmail.com,nd.drone_539,Automated
nd.automated-drone_540,nd.automated+drone_540@gmail.com,nd.drone_540,Automated
nd.automated-drone_541,nd.automated+drone_541@gmail.com,nd.drone_541,Automated
nd.automated-drone_542,nd.automated+drone_542@gmail.com,nd.drone_542,Automated
nd.automated-drone_543,nd.automated+drone_543@gmail.com,nd.drone_543,Automated
nd.automated-drone_544,nd.automated+drone_544@gmail.com,nd.drone_544,Automated
nd.automated-drone_545,nd.automated+drone_545@gmail.com,nd.drone_545,Automated
nd.automated-drone_546,nd.automated+drone_546@gmail.com,nd.drone_546,Automated
nd.automated-drone_547,nd.automated+drone_547@gmail.com,nd.drone_547,Automated
nd.automated-drone_548,nd.automated+drone_548@gmail.com,nd.drone_548,Automated
nd.automated-drone_549,nd.automated+drone_549@gmail.com,nd.drone_549,Automated
nd.automated-drone_550,nd.automated+drone_550@gmail.com,nd.drone_550,Automated
nd.automated-drone_551,nd.automated+drone_551@gmail.com,nd.drone_551,Automated
nd.automated-drone_552,nd.automated+drone_552@gmail.com,nd.drone_552,Automated
nd.automated-drone_553,nd.automated+drone_553@gmail.com,nd.drone_553,Automated
nd.automated-drone_554,nd.automated+drone_554@gmail.com,nd.drone_554,Automated
nd.automated-drone_555,nd.automated+drone_555@gmail.com,nd.drone_555,Automated
nd.automated-drone_556,nd.automated+drone_556@gmail.com,nd.drone_556,Automated
nd.automated-drone_557,nd.automated+drone_557@gmail.com,nd.drone_557,Automated
nd.automated-drone_558,nd.automated+drone_558@gmail.com,nd.drone_558,Automated
nd.automated-drone_559,nd.automated+drone_559@gmail.com,nd.drone_559,Automated
nd.automated-drone_560,nd.automated+drone_560@gmail.com,nd.drone_560,Automated
nd.automated-drone_561,nd.automated+drone_561@gmail.com,nd.drone_561,Automated
nd.automated-drone_562,nd.automated+drone_562@gmail.com,nd.drone_562,Automated
nd.automated-drone_563,nd.automated+drone_563@gmail.com,nd.drone_563,Automated
nd.automated-drone_564,nd.automated+drone_564@gmail.com,nd.drone_564,Automated
nd.automated-drone_565,nd.automated+drone_565@gmail.com,nd.drone_565,Automated
nd.automated-drone_566,nd.automated+drone_566@gmail.com,nd.drone_566,Automated
nd.automated-drone_567,nd.automated+drone_567@gmail.com,nd.drone_567,Automated
nd.automated-drone_568,nd.automated+drone_568@gmail.com,nd.drone_568,Automated
nd.automated-drone_569,nd.automated+drone_569@gmail.com,nd.drone_569,Automated
nd.automated-drone_570,nd.automated+drone_570@gmail.com,nd.drone_570,Automated
nd.automated-drone_571,nd.automated+drone_571@gmail.com,nd.drone_571,Automated
nd.automated-drone_572,nd.automated+drone_572@gmail.com,nd.drone_572,Automated
nd.automated-drone_573,nd.automated+drone_573@gmail.com,nd.drone_573,Automated
nd.automated-drone_574,nd.automated+drone_574@gmail.com,nd.drone_574,Automated
nd.automated-drone_575,nd.automated+drone_575@gmail.com,nd.drone_575,Automated
nd.automated-drone_576,nd.automated+drone_576@gmail.com,nd.drone_576,Automated
nd.automated-drone_577,nd.automated+drone_577@gmail.com,nd.drone_577,Automated
nd.automated-drone_578,nd.automated+drone_578@gmail.com,nd.drone_578,Automated
nd.automated-drone_579,nd.automated+drone_579@gmail.com,nd.drone_579,Automated
nd.automated-drone_580,nd.automated+drone_580@gmail.com,nd.drone_580,Automated
nd.automated-drone_581,nd.automated+drone_581@gmail.com,nd.drone_581,Automated
nd.automated-drone_582,nd.automated+drone_582@gmail.com,nd.drone_582,Automated
nd.automated-drone_583,nd.automated+drone_583@gmail.com,nd.drone_583,Automated
nd.automated-drone_584,nd.automated+drone_584@gmail.com,nd.drone_584,Automated
nd.automated-drone_585,nd.automated+drone_585@gmail.com,nd.drone_585,Automated
nd.automated-drone_586,nd.automated+drone_586@gmail.com,nd.drone_586,Automated
nd.automated-drone_587,nd.automated+drone_587@gmail.com,nd.drone_587,Automated
nd.automated-drone_588,nd.automated+drone_588@gmail.com,nd.drone_588,Automated
nd.automated-drone_589,nd.automated+drone_589@gmail.com,nd.drone_589,Automated
nd.automated-drone_590,nd.automated+drone_590@gmail.com,nd.drone_590,Automated
nd.automated-drone_591,nd.automated+drone_591@gmail.com,nd.drone_591,Automated
nd.automated-drone_592,nd.automated+drone_592@gmail.com,nd.drone_592,Automated
nd.automated-drone_593,nd.automated+drone_593@gmail.com,nd.drone_593,Automated
nd.automated-drone_594,nd.automated+drone_594@gmail.com,nd.drone_594,Automated
nd.automated-drone_595,nd.automated+drone_595@gmail.com,nd.drone_595,Automated
nd.automated-drone_596,nd.automated+drone_596@gmail.com,nd.drone_596,Automated
nd.automated-drone_597,nd.automated+drone_597@gmail.com,nd.drone_597,Automated
nd.automated-drone_598,nd.automated+drone_598@gmail.com,nd.drone_598,Automated
nd.automated-drone_599,nd.automated+drone_599@gmail.com,nd.drone_599,Automated
nd.automated-drone_600,nd.automated+drone_600@gmail.com,nd.drone_600,Automated
nd.automated-drone_601,nd.automated+drone_601@gmail.com,nd.drone_601,Automated
nd.automated-drone_602,nd.automated+drone_602@gmail.com,nd.drone_602,Automated
nd.automated-drone_603,nd.automated+drone_603@gmail.com,nd.drone_603,Automated
nd.automated-drone_604,nd.automated+drone_604@gmail.com,nd.drone_604,Automated
nd.automated-drone_605,nd.automated+drone_605@gmail.com,nd.drone_605,Automated
nd.automated-drone_606,nd.automated+drone_606@gmail.com,nd.drone_606,Automated
nd.automated-drone_607,nd.automated+drone_607@gmail.com,nd.drone_607,Automated
nd.automated-drone_608,nd.automated+drone_608@gmail.com,nd.drone_608,Automated
nd.automated-drone_609,nd.automated+drone_609@gmail.com,nd.drone_609,Automated
nd.automated-drone_610,nd.automated+drone_610@gmail.com,nd.drone_610,Automated
nd.automated-drone_611,nd.automated+drone_611@gmail.com,nd.drone_611,Automated
nd.automated-drone_612,nd.automated+drone_612@gmail.com,nd.drone_612,Automated
nd.automated-drone_613,nd.automated+drone_613@gmail.com,nd.drone_613,Automated
nd.automated-drone_614,nd.automated+drone_614@gmail.com,nd.drone_614,Automated
nd.automated-drone_615,nd.automated+drone_615@gmail.com,nd.drone_615,Automated
nd.automated-drone_616,nd.automated+drone_616@gmail.com,nd.drone_616,Automated
nd.automated-drone_617,nd.automated+drone_617@gmail.com,nd.drone_617,Automated
nd.automated-drone_618,nd.automated+drone_618@gmail.com,nd.drone_618,Automated
nd.automated-drone_619,nd.automated+drone_619@gmail.com,nd.drone_619,Automated
nd.automated-drone_620,nd.automated+drone_620@gmail.com,nd.drone_620,Automated
nd.automated-drone_621,nd.automated+drone_621@gmail.com,nd.drone_621,Automated
nd.automated-drone_622,nd.automated+drone_622@gmail.com,nd.drone_622,Automated
nd.automated-drone_623,nd.automated+drone_623@gmail.com,nd.drone_623,Automated
nd.automated-drone_624,nd.automated+drone_624@gmail.com,nd.drone_624,Automated
nd.automated-drone_625,nd.automated+drone_625@gmail.com,nd.drone_625,Automated
nd.automated-drone_626,nd.automated+drone_626@gmail.com,nd.drone_626,Automated
nd.automated-drone_627,nd.automated+drone_627@gmail.com,nd.drone_627,Automated
nd.automated-drone_628,nd.automated+drone_628@gmail.com,nd.drone_628,Automated
nd.automated-drone_629,nd.automated+drone_629@gmail.com,nd.drone_629,Automated
nd.automated-drone_630,nd.automated+drone_630@gmail.com,nd.drone_630,Automated
nd.automated-drone_631,nd.automated+drone_631@gmail.com,nd.drone_631,Automated
nd.automated-drone_632,nd.automated+drone_632@gmail.com,nd.drone_632,Automated
nd.automated-drone_633,nd.automated+drone_633@gmail.com,nd.drone_633,Automated
nd.automated-drone_634,nd.automated+drone_634@gmail.com,nd.drone_634,Automated
nd.automated-drone_635,nd.automated+drone_635@gmail.com,nd.drone_635,Automated
nd.automated-drone_636,nd.automated+drone_636@gmail.com,nd.drone_636,Automated
nd.automated-drone_637,nd.automated+drone_637@gmail.com,nd.drone_637,Automated
nd.automated-drone_638,nd.automated+drone_638@gmail.com,nd.drone_638,Automated
nd.automated-drone_639,nd.automated+drone_639@gmail.com,nd.drone_639,Automated
nd.automated-drone_640,nd.automated+drone_640@gmail.com,nd.drone_640,Automated
nd.automated-drone_641,nd.automated+drone_641@gmail.com,nd.drone_641,Automated
nd.automated-drone_642,nd.automated+drone_642@gmail.com,nd.drone_642,Automated
nd.automated-drone_643,nd.automated+drone_643@gmail.com,nd.drone_643,Automated
nd.automated-drone_644,nd.automated+drone_644@gmail.com,nd.drone_644,Automated
nd.automated-drone_645,nd.automated+drone_645@gmail.com,nd.drone_645,Automated
nd.automated-drone_646,nd.automated+drone_646@gmail.com,nd.drone_646,Automated
nd.automated-drone_647,nd.automated+drone_647@gmail.com,nd.drone_647,Automated
nd.automated-drone_648,nd.automated+drone_648@gmail.com,nd.drone_648,Automated
nd.automated-drone_649,nd.automated+drone_649@gmail.com,nd.drone_649,Automated
nd.automated-drone_650,nd.automated+drone_650@gmail.com,nd.drone_650,Automated
nd.automated-drone_651,nd.automated+drone_651@gmail.com,nd.drone_651,Automated
nd.automated-drone_652,nd.automated+drone_652@gmail.com,nd.drone_652,Automated
nd.automated-drone_653,nd.automated+drone_653@gmail.com,nd.drone_653,Automated
nd.automated-drone_654,nd.automated+drone_654@gmail.com,nd.drone_654,Automated
nd.automated-drone_655,nd.automated+drone_655@gmail.com,nd.drone_655,Automated
nd.automated-drone_656,nd.automated+drone_656@gmail.com,nd.drone_656,Automated
nd.automated-drone_657,nd.automated+drone_657@gmail.com,nd.drone_657,Automated
nd.automated-drone_658,nd.automated+drone_658@gmail.com,nd.drone_658,Automated
nd.automated-drone_659,nd.automated+drone_659@gmail.com,nd.drone_659,Automated
nd.automated-drone_660,nd.automated+drone_660@gmail.com,nd.drone_660,Automated
nd.automated-drone_661,nd.automated+drone_661@gmail.com,nd.drone_661,Automated
nd.automated-drone_662,nd.automated+drone_662@gmail.com,nd.drone_662,Automated
nd.automated-drone_663,nd.automated+drone_663@gmail.com,nd.drone_663,Automated
nd.automated-drone_664,nd.automated+drone_664@gmail.com,nd.drone_664,Automated
nd.automated-drone_665,nd.automated+drone_665@gmail.com,nd.drone_665,Automated
nd.automated-drone_666,nd.automated+drone_666@gmail.com,nd.drone_666,Automated
nd.automated-drone_667,nd.automated+drone_667@gmail.com,nd.drone_667,Automated
nd.automated-drone_668,nd.automated+drone_668@gmail.com,nd.drone_668,Automated
nd.automated-drone_669,nd.automated+drone_669@gmail.com,nd.drone_669,Automated
nd.automated-drone_670,nd.automated+drone_670@gmail.com,nd.drone_670,Automated
nd.automated-drone_671,nd.automated+drone_671@gmail.com,nd.drone_671,Automated
nd.automated-drone_672,nd.automated+drone_672@gmail.com,nd.drone_672,Automated
nd.automated-drone_673,nd.automated+drone_673@gmail.com,nd.drone_673,Automated
nd.automated-drone_674,nd.automated+drone_674@gmail.com,nd.drone_674,Automated
nd.automated-drone_675,nd.automated+drone_675@gmail.com,nd.drone_675,Automated
nd.automated-drone_676,nd.automated+drone_676@gmail.com,nd.drone_676,Automated
nd.automated-drone_677,nd.automated+drone_677@gmail.com,nd.drone_677,Automated
nd.automated-drone_678,nd.automated+drone_678@gmail.com,nd.drone_678,Automated
nd.automated-drone_679,nd.automated+drone_679@gmail.com,nd.drone_679,Automated
nd.automated-drone_680,nd.automated+drone_680@gmail.com,nd.drone_680,Automated
nd.automated-drone_681,nd.automated+drone_681@gmail.com,nd.drone_681,Automated
nd.automated-drone_682,nd.automated+drone_682@gmail.com,nd.drone_682,Automated
nd.automated-drone_683,nd.automated+drone_683@gmail.com,nd.drone_683,Automated
nd.automated-drone_684,nd.automated+drone_684@gmail.com,nd.drone_684,Automated
nd.automated-drone_685,nd.automated+drone_685@gmail.com,nd.drone_685,Automated
nd.automated-drone_686,nd.automated+drone_686@gmail.com,nd.drone_686,Automated
nd.automated-drone_687,nd.automated+drone_687@gmail.com,nd.drone_687,Automated
nd.automated-drone_688,nd.automated+drone_688@gmail.com,nd.drone_688,Automated
nd.automated-drone_689,nd.automated+drone_689@gmail.com,nd.drone_689,Automated
nd.automated-drone_690,nd.automated+drone_690@gmail.com,nd.drone_690,Automated
nd.automated-drone_691,nd.automated+drone_691@gmail.com,nd.drone_691,Automated
nd.automated-drone_692,nd.automated+drone_692@gmail.com,nd.drone_692,Automated
nd.automated-drone_693,nd.automated+drone_693@gmail.com,nd.drone_693,Automated
nd.automated-drone_694,nd.automated+drone_694@gmail.com,nd.drone_694,Automated
nd.automated-drone_695,nd.automated+drone_695@gmail.com,nd.drone_695,Automated
nd.automated-drone_696,nd.automated+drone_696@gmail.com,nd.drone_696,Automated
nd.automated-drone_697,nd.automated+drone_697@gmail.com,nd.drone_697,Automated
nd.automated-drone_698,nd.automated+drone_698@gmail.com,nd.drone_698,Automated
nd.automated-drone_699,nd.automated+drone_699@gmail.com,nd.drone_699,Automated
nd.automated-drone_700,nd.automated+drone_700@gmail.com,nd.drone_700,Automated
nd.automated-drone_701,nd.automated+drone_701@gmail.com,nd.drone_701,Automated
nd.automated-drone_702,nd.automated+drone_702@gmail.com,nd.drone_702,Automated
nd.automated-drone_703,nd.automated+drone_703@gmail.com,nd.drone_703,Automated
nd.automated-drone_704,nd.automated+drone_704@gmail.com,nd.drone_704,Automated
nd.automated-drone_705,nd.automated+drone_705@gmail.com,nd.drone_705,Automated
nd.automated-drone_706,nd.automated+drone_706@gmail.com,nd.drone_706,Automated
nd.automated-drone_707,nd.automated+drone_707@gmail.com,nd.drone_707,Automated
nd.automated-drone_708,nd.automated+drone_708@gmail.com,nd.drone_708,Automated
nd.automated-drone_709,nd.automated+drone_709@gmail.com,nd.drone_709,Automated
nd.automated-drone_710,nd.automated+drone_710@gmail.com,nd.drone_710,Automated
nd.automated-drone_711,nd.automated+drone_711@gmail.com,nd.drone_711,Automated
nd.automated-drone_712,nd.automated+drone_712@gmail.com,nd.drone_712,Automated
nd.automated-drone_713,nd.automated+drone_713@gmail.com,nd.drone_713,Automated
nd.automated-drone_714,nd.automated+drone_714@gmail.com,nd.drone_714,Automated
nd.automated-drone_715,nd.automated+drone_715@gmail.com,nd.drone_715,Automated
nd.automated-drone_716,nd.automated+drone_716@gmail.com,nd.drone_716,Automated
nd.automated-drone_717,nd.automated+drone_717@gmail.com,nd.drone_717,Automated
nd.automated-drone_718,nd.automated+drone_718@gmail.com,nd.drone_718,Automated
nd.automated-drone_719,nd.automated+drone_719@gmail.com,nd.drone_719,Automated
nd.automated-drone_720,nd.automated+drone_720@gmail.com,nd.drone_720,Automated
nd.automated-drone_721,nd.automated+drone_721@gmail.com,nd.drone_721,Automated
nd.automated-drone_722,nd.automated+drone_722@gmail.com,nd.drone_722,Automated
nd.automated-drone_723,nd.automated+drone_723@gmail.com,nd.drone_723,Automated
nd.automated-drone_724,nd.automated+drone_724@gmail.com,nd.drone_724,Automated
nd.automated-drone_725,nd.automated+drone_725@gmail.com,nd.drone_725,Automated
nd.automated-drone_726,nd.automated+drone_726@gmail.com,nd.drone_726,Automated
nd.automated-drone_727,nd.automated+drone_727@gmail.com,nd.drone_727,Automated
nd.automated-drone_728,nd.automated+drone_728@gmail.com,nd.drone_728,Automated
nd.automated-drone_729,nd.automated+drone_729@gmail.com,nd.drone_729,Automated
nd.automated-drone_730,nd.automated+drone_730@gmail.com,nd.drone_730,Automated
nd.automated-drone_731,nd.automated+drone_731@gmail.com,nd.drone_731,Automated
nd.automated-drone_732,nd.automated+drone_732@gmail.com,nd.drone_732,Automated
nd.automated-drone_733,nd.automated+drone_733@gmail.com,nd.drone_733,Automated
nd.automated-drone_734,nd.automated+drone_734@gmail.com,nd.drone_734,Automated
nd.automated-drone_735,nd.automated+drone_735@gmail.com,nd.drone_735,Automated
nd.automated-drone_736,nd.automated+drone_736@gmail.com,nd.drone_736,Automated
nd.automated-drone_737,nd.automated+drone_737@gmail.com,nd.drone_737,Automated
nd.automated-drone_738,nd.automated+drone_738@gmail.com,nd.drone_738,Automated
nd.automated-drone_739,nd.automated+drone_739@gmail.com,nd.drone_739,Automated
nd.automated-drone_740,nd.automated+drone_740@gmail.com,nd.drone_740,Automated
nd.automated-drone_741,nd.automated+drone_741@gmail.com,nd.drone_741,Automated
nd.automated-drone_742,nd.automated+drone_742@gmail.com,nd.drone_742,Automated
nd.automated-drone_743,nd.automated+drone_743@gmail.com,nd.drone_743,Automated
nd.automated-drone_744,nd.automated+drone_744@gmail.com,nd.drone_744,Automated
nd.automated-drone_745,nd.automated+drone_745@gmail.com,nd.drone_745,Automated
nd.automated-drone_746,nd.automated+drone_746@gmail.com,nd.drone_746,Automated
nd.automated-drone_747,nd.automated+drone_747@gmail.com,nd.drone_747,Automated
nd.automated-drone_748,nd.automated+drone_748@gmail.com,nd.drone_748,Automated
nd.automated-drone_749,nd.automated+drone_749@gmail.com,nd.drone_749,Automated
nd.automated-drone_750,nd.automated+drone_750@gmail.com,nd.drone_750,Automated
nd.automated-drone_751,nd.automated+drone_751@gmail.com,nd.drone_751,Automated
nd.automated-drone_752,nd.automated+drone_752@gmail.com,nd.drone_752,Automated
nd.automated-drone_753,nd.automated+drone_753@gmail.com,nd.drone_753,Automated
nd.automated-drone_754,nd.automated+drone_754@gmail.com,nd.drone_754,Automated
nd.automated-drone_755,nd.automated+drone_755@gmail.com,nd.drone_755,Automated
nd.automated-drone_756,nd.automated+drone_756@gmail.com,nd.drone_756,Automated
nd.automated-drone_757,nd.automated+drone_757@gmail.com,nd.drone_757,Automated
nd.automated-drone_758,nd.automated+drone_758@gmail.com,nd.drone_758,Automated
nd.automated-drone_759,nd.automated+drone_759@gmail.com,nd.drone_759,Automated
nd.automated-drone_760,nd.automated+drone_760@gmail.com,nd.drone_760,Automated
nd.automated-drone_761,nd.automated+drone_761@gmail.com,nd.drone_761,Automated
nd.automated-drone_762,nd.automated+drone_762@gmail.com,nd.drone_762,Automated
nd.automated-drone_763,nd.automated+drone_763@gmail.com,nd.drone_763,Automated
nd.automated-drone_764,nd.automated+drone_764@gmail.com,nd.drone_764,Automated
nd.automated-drone_765,nd.automated+drone_765@gmail.com,nd.drone_765,Automated
nd.automated-drone_766,nd.automated+drone_766@gmail.com,nd.drone_766,Automated
nd.automated-drone_767,nd.automated+drone_767@gmail.com,nd.drone_767,Automated
nd.automated-drone_768,nd.automated+drone_768@gmail.com,nd.drone_768,Automated
nd.automated-drone_769,nd.automated+drone_769@gmail.com,nd.drone_769,Automated
nd.automated-drone_770,nd.automated+drone_770@gmail.com,nd.drone_770,Automated
nd.automated-drone_771,nd.automated+drone_771@gmail.com,nd.drone_771,Automated
nd.automated-drone_772,nd.automated+drone_772@gmail.com,nd.drone_772,Automated
nd.automated-drone_773,nd.automated+drone_773@gmail.com,nd.drone_773,Automated
nd.automated-drone_774,nd.automated+drone_774@gmail.com,nd.drone_774,Automated
nd.automated-drone_775,nd.automated+drone_775@gmail.com,nd.drone_775,Automated
nd.automated-drone_776,nd.automated+drone_776@gmail.com,nd.drone_776,Automated
nd.automated-drone_777,nd.automated+drone_777@gmail.com,nd.drone_777,Automated
nd.automated-drone_778,nd.automated+drone_778@gmail.com,nd.drone_778,Automated
nd.automated-drone_779,nd.automated+drone_779@gmail.com,nd.drone_779,Automated
nd.automated-drone_780,nd.automated+drone_780@gmail.com,nd.drone_780,Automated
nd.automated-drone_781,nd.automated+drone_781@gmail.com,nd.drone_781,Automated
nd.automated-drone_782,nd.automated+drone_782@gmail.com,nd.drone_782,Automated
nd.automated-drone_783,nd.automated+drone_783@gmail.com,nd.drone_783,Automated
nd.automated-drone_784,nd.automated+drone_784@gmail.com,nd.drone_784,Automated
nd.automated-drone_785,nd.automated+drone_785@gmail.com,nd.drone_785,Automated
nd.automated-drone_786,nd.automated+drone_786@gmail.com,nd.drone_786,Automated
nd.automated-drone_787,nd.automated+drone_787@gmail.com,nd.drone_787,Automated
nd.automated-drone_788,nd.automated+drone_788@gmail.com,nd.drone_788,Automated
nd.automated-drone_789,nd.automated+drone_789@gmail.com,nd.drone_789,Automated
nd.automated-drone_790,nd.automated+drone_790@gmail.com,nd.drone_790,Automated
nd.automated-drone_791,nd.automated+drone_791@gmail.com,nd.drone_791,Automated
nd.automated-drone_792,nd.automated+drone_792@gmail.com,nd.drone_792,Automated
nd.automated-drone_793,nd.automated+drone_793@gmail.com,nd.drone_793,Automated
nd.automated-drone_794,nd.automated+drone_794@gmail.com,nd.drone_794,Automated
nd.automated-drone_795,nd.automated+drone_795@gmail.com,nd.drone_795,Automated
nd.automated-drone_796,nd.automated+drone_796@gmail.com,nd.drone_796,Automated
nd.automated-drone_797,nd.automated+drone_797@gmail.com,nd.drone_797,Automated
nd.automated-drone_798,nd.automated+drone_798@gmail.com,nd.drone_798,Automated
nd.automated-drone_799,nd.automated+drone_799@gmail.com,nd.drone_799,Automated
nd.automated-drone_800,nd.automated+drone_800@gmail.com,nd.drone_800,Automated
nd.automated-drone_801,nd.automated+drone_801@gmail.com,nd.drone_801,Automated
nd.automated-drone_802,nd.automated+drone_802@gmail.com,nd.drone_802,Automated
nd.automated-drone_803,nd.automated+drone_803@gmail.com,nd.drone_803,Automated
nd.automated-drone_804,nd.automated+drone_804@gmail.com,nd.drone_804,Automated
nd.automated-drone_805,nd.automated+drone_805@gmail.com,nd.drone_805,Automated
nd.automated-drone_806,nd.automated+drone_806@gmail.com,nd.drone_806,Automated
nd.automated-drone_807,nd.automated+drone_807@gmail.com,nd.drone_807,Automated
nd.automated-drone_808,nd.automated+drone_808@gmail.com,nd.drone_808,Automated
nd.automated-drone_809,nd.automated+drone_809@gmail.com,nd.drone_809,Automated
nd.automated-drone_810,nd.automated+drone_810@gmail.com,nd.drone_810,Automated
nd.automated-drone_811,nd.automated+drone_811@gmail.com,nd.drone_811,Automated
nd.automated-drone_812,nd.automated+drone_812@gmail.com,nd.drone_812,Automated
nd.automated-drone_813,nd.automated+drone_813@gmail.com,nd.drone_813,Automated
nd.automated-drone_814,nd.automated+drone_814@gmail.com,nd.drone_814,Automated
nd.automated-drone_815,nd.automated+drone_815@gmail.com,nd.drone_815,Automated
nd.automated-drone_816,nd.automated+drone_816@gmail.com,nd.drone_816,Automated
nd.automated-drone_817,nd.automated+drone_817@gmail.com,nd.drone_817,Automated
nd.automated-drone_818,nd.automated+drone_818@gmail.com,nd.drone_818,Automated
nd.automated-drone_819,nd.automated+drone_819@gmail.com,nd.drone_819,Automated
nd.automated-drone_820,nd.automated+drone_820@gmail.com,nd.drone_820,Automated
nd.automated-drone_821,nd.automated+drone_821@gmail.com,nd.drone_821,Automated
nd.automated-drone_822,nd.automated+drone_822@gmail.com,nd.drone_822,Automated
nd.automated-drone_823,nd.automated+drone_823@gmail.com,nd.drone_823,Automated
nd.automated-drone_824,nd.automated+drone_824@gmail.com,nd.drone_824,Automated
nd.automated-drone_825,nd.automated+drone_825@gmail.com,nd.drone_825,Automated
nd.automated-drone_826,nd.automated+drone_826@gmail.com,nd.drone_826,Automated
nd.automated-drone_827,nd.automated+drone_827@gmail.com,nd.drone_827,Automated
nd.automated-drone_828,nd.automated+drone_828@gmail.com,nd.drone_828,Automated
nd.automated-drone_829,nd.automated+drone_829@gmail.com,nd.drone_829,Automated
nd.automated-drone_830,nd.automated+drone_830@gmail.com,nd.drone_830,Automated
nd.automated-drone_831,nd.automated+drone_831@gmail.com,nd.drone_831,Automated
nd.automated-drone_832,nd.automated+drone_832@gmail.com,nd.drone_832,Automated
nd.automated-drone_833,nd.automated+drone_833@gmail.com,nd.drone_833,Automated
nd.automated-drone_834,nd.automated+drone_834@gmail.com,nd.drone_834,Automated
nd.automated-drone_835,nd.automated+drone_835@gmail.com,nd.drone_835,Automated
nd.automated-drone_836,nd.automated+drone_836@gmail.com,nd.drone_836,Automated
nd.automated-drone_837,nd.automated+drone_837@gmail.com,nd.drone_837,Automated
nd.automated-drone_838,nd.automated+drone_838@gmail.com,nd.drone_838,Automated
nd.automated-drone_839,nd.automated+drone_839@gmail.com,nd.drone_839,Automated
nd.automated-drone_840,nd.automated+drone_840@gmail.com,nd.drone_840,Automated
nd.automated-drone_841,nd.automated+drone_841@gmail.com,nd.drone_841,Automated
nd.automated-drone_842,nd.automated+drone_842@gmail.com,nd.drone_842,Automated
nd.automated-drone_843,nd.automated+drone_843@gmail.com,nd.drone_843,Automated
nd.automated-drone_844,nd.automated+drone_844@gmail.com,nd.drone_844,Automated
nd.automated-drone_845,nd.automated+drone_845@gmail.com,nd.drone_845,Automated
nd.automated-drone_846,nd.automated+drone_846@gmail.com,nd.drone_846,Automated
nd.automated-drone_847,nd.automated+drone_847@gmail.com,nd.drone_847,Automated
nd.automated-drone_848,nd.automated+drone_848@gmail.com,nd.drone_848,Automated
nd.automated-drone_849,nd.automated+drone_849@gmail.com,nd.drone_849,Automated
nd.automated-drone_850,nd.automated+drone_850@gmail.com,nd.drone_850,Automated
nd.automated-drone_851,nd.automated+drone_851@gmail.com,nd.drone_851,Automated
nd.automated-drone_852,nd.automated+drone_852@gmail.com,nd.drone_852,Automated
nd.automated-drone_853,nd.automated+drone_853@gmail.com,nd.drone_853,Automated
nd.automated-drone_854,nd.automated+drone_854@gmail.com,nd.drone_854,Automated
nd.automated-drone_855,nd.automated+drone_855@gmail.com,nd.drone_855,Automated
nd.automated-drone_856,nd.automated+drone_856@gmail.com,nd.drone_856,Automated
nd.automated-drone_857,nd.automated+drone_857@gmail.com,nd.drone_857,Automated
nd.automated-drone_858,nd.automated+drone_858@gmail.com,nd.drone_858,Automated
nd.automated-drone_859,nd.automated+drone_859@gmail.com,nd.drone_859,Automated
nd.automated-drone_860,nd.automated+drone_860@gmail.com,nd.drone_860,Automated
nd.automated-drone_861,nd.automated+drone_861@gmail.com,nd.drone_861,Automated
nd.automated-drone_862,nd.automated+drone_862@gmail.com,nd.drone_862,Automated
nd.automated-drone_863,nd.automated+drone_863@gmail.com,nd.drone_863,Automated
nd.automated-drone_864,nd.automated+drone_864@gmail.com,nd.drone_864,Automated
nd.automated-drone_865,nd.automated+drone_865@gmail.com,nd.drone_865,Automated
nd.automated-drone_866,nd.automated+drone_866@gmail.com,nd.drone_866,Automated
nd.automated-drone_867,nd.automated+drone_867@gmail.com,nd.drone_867,Automated
nd.automated-drone_868,nd.automated+drone_868@gmail.com,nd.drone_868,Automated
nd.automated-drone_869,nd.automated+drone_869@gmail.com,nd.drone_869,Automated
nd.automated-drone_870,nd.automated+drone_870@gmail.com,nd.drone_870,Automated
nd.automated-drone_871,nd.automated+drone_871@gmail.com,nd.drone_871,Automated
nd.automated-drone_872,nd.automated+drone_872@gmail.com,nd.drone_872,Automated
nd.automated-drone_873,nd.automated+drone_873@gmail.com,nd.drone_873,Automated
nd.automated-drone_874,nd.automated+drone_874@gmail.com,nd.drone_874,Automated
nd.automated-drone_875,nd.automated+drone_875@gmail.com,nd.drone_875,Automated
nd.automated-drone_876,nd.automated+drone_876@gmail.com,nd.drone_876,Automated
nd.automated-drone_877,nd.automated+drone_877@gmail.com,nd.drone_877,Automated
nd.automated-drone_878,nd.automated+drone_878@gmail.com,nd.drone_878,Automated
nd.automated-drone_879,nd.automated+drone_879@gmail.com,nd.drone_879,Automated
nd.automated-drone_880,nd.automated+drone_880@gmail.com,nd.drone_880,Automated
nd.automated-drone_881,nd.automated+drone_881@gmail.com,nd.drone_881,Automated
nd.automated-drone_882,nd.automated+drone_882@gmail.com,nd.drone_882,Automated
nd.automated-drone_883,nd.automated+drone_883@gmail.com,nd.drone_883,Automated
nd.automated-drone_884,nd.automated+drone_884@gmail.com,nd.drone_884,Automated
nd.automated-drone_885,nd.automated+drone_885@gmail.com,nd.drone_885,Automated
nd.automated-drone_886,nd.automated+drone_886@gmail.com,nd.drone_886,Automated
nd.automated-drone_887,nd.automated+drone_887@gmail.com,nd.drone_887,Automated
nd.automated-drone_888,nd.automated+drone_888@gmail.com,nd.drone_888,Automated
nd.automated-drone_889,nd.automated+drone_889@gmail.com,nd.drone_889,Automated
nd.automated-drone_890,nd.automated+drone_890@gmail.com,nd.drone_890,Automated
nd.automated-drone_891,nd.automated+drone_891@gmail.com,nd.drone_891,Automated
nd.automated-drone_892,nd.automated+drone_892@gmail.com,nd.drone_892,Automated
nd.automated-drone_893,nd.automated+drone_893@gmail.com,nd.drone_893,Automated
nd.automated-drone_894,nd.automated+drone_894@gmail.com,nd.drone_894,Automated
nd.automated-drone_895,nd.automated+drone_895@gmail.com,nd.drone_895,Automated
nd.automated-drone_896,nd.automated+drone_896@gmail.com,nd.drone_896,Automated
nd.automated-drone_897,nd.automated+drone_897@gmail.com,nd.drone_897,Automated
nd.automated-drone_898,nd.automated+drone_898@gmail.com,nd.drone_898,Automated
nd.automated-drone_899,nd.automated+drone_899@gmail.com,nd.drone_899,Automated
nd.automated-drone_900,nd.automated+drone_900@gmail.com,nd.drone_900,Automated
nd.automated-drone_901,nd.automated+drone_901@gmail.com,nd.drone_901,Automated
nd.automated-drone_902,nd.automated+drone_902@gmail.com,nd.drone_902,Automated
nd.automated-drone_903,nd.automated+drone_903@gmail.com,nd.drone_903,Automated
nd.automated-drone_904,nd.automated+drone_904@gmail.com,nd.drone_904,Automated
nd.automated-drone_905,nd.automated+drone_905@gmail.com,nd.drone_905,Automated
nd.automated-drone_906,nd.automated+drone_906@gmail.com,nd.drone_906,Automated
nd.automated-drone_907,nd.automated+drone_907@gmail.com,nd.drone_907,Automated
nd.automated-drone_908,nd.automated+drone_908@gmail.com,nd.drone_908,Automated
nd.automated-drone_909,nd.automated+drone_909@gmail.com,nd.drone_909,Automated
nd.automated-drone_910,nd.automated+drone_910@gmail.com,nd.drone_910,Automated
nd.automated-drone_911,nd.automated+drone_911@gmail.com,nd.drone_911,Automated
nd.automated-drone_912,nd.automated+drone_912@gmail.com,nd.drone_912,Automated
nd.automated-drone_913,nd.automated+drone_913@gmail.com,nd.drone_913,Automated
nd.automated-drone_914,nd.automated+drone_914@gmail.com,nd.drone_914,Automated
nd.automated-drone_915,nd.automated+drone_915@gmail.com,nd.drone_915,Automated
nd.automated-drone_916,nd.automated+drone_916@gmail.com,nd.drone_916,Automated
nd.automated-drone_917,nd.automated+drone_917@gmail.com,nd.drone_917,Automated
nd.automated-drone_918,nd.automated+drone_918@gmail.com,nd.drone_918,Automated
nd.automated-drone_919,nd.automated+drone_919@gmail.com,nd.drone_919,Automated
nd.automated-drone_920,nd.automated+drone_920@gmail.com,nd.drone_920,Automated
nd.automated-drone_921,nd.automated+drone_921@gmail.com,nd.drone_921,Automated
nd.automated-drone_922,nd.automated+drone_922@gmail.com,nd.drone_922,Automated
nd.automated-drone_923,nd.automated+drone_923@gmail.com,nd.drone_923,Automated
nd.automated-drone_924,nd.automated+drone_924@gmail.com,nd.drone_924,Automated
nd.automated-drone_925,nd.automated+drone_925@gmail.com,nd.drone_925,Automated
nd.automated-drone_926,nd.automated+drone_926@gmail.com,nd.drone_926,Automated
nd.automated-drone_927,nd.automated+drone_927@gmail.com,nd.drone_927,Automated
nd.automated-drone_928,nd.automated+drone_928@gmail.com,nd.drone_928,Automated
nd.automated-drone_929,nd.automated+drone_929@gmail.com,nd.drone_929,Automated
nd.automated-drone_930,nd.automated+drone_930@gmail.com,nd.drone_930,Automated
nd.automated-drone_931,nd.automated+drone_931@gmail.com,nd.drone_931,Automated
nd.automated-drone_932,nd.automated+drone_932@gmail.com,nd.drone_932,Automated
nd.automated-drone_933,nd.automated+drone_933@gmail.com,nd.drone_933,Automated
nd.automated-drone_934,nd.automated+drone_934@gmail.com,nd.drone_934,Automated
nd.automated-drone_935,nd.automated+drone_935@gmail.com,nd.drone_935,Automated
nd.automated-drone_936,nd.automated+drone_936@gmail.com,nd.drone_936,Automated
nd.automated-drone_937,nd.automated+drone_937@gmail.com,nd.drone_937,Automated
nd.automated-drone_938,nd.automated+drone_938@gmail.com,nd.drone_938,Automated
nd.automated-drone_939,nd.automated+drone_939@gmail.com,nd.drone_939,Automated
nd.automated-drone_940,nd.automated+drone_940@gmail.com,nd.drone_940,Automated
nd.automated-drone_941,nd.automated+drone_941@gmail.com,nd.drone_941,Automated
nd.automated-drone_942,nd.automated+drone_942@gmail.com,nd.drone_942,Automated
nd.automated-drone_943,nd.automated+drone_943@gmail.com,nd.drone_943,Automated
nd.automated-drone_944,nd.automated+drone_944@gmail.com,nd.drone_944,Automated
nd.automated-drone_945,nd.automated+drone_945@gmail.com,nd.drone_945,Automated
nd.automated-drone_946,nd.automated+drone_946@gmail.com,nd.drone_946,Automated
nd.automated-drone_947,nd.automated+drone_947@gmail.com,nd.drone_947,Automated
nd.automated-drone_948,nd.automated+drone_948@gmail.com,nd.drone_948,Automated
nd.automated-drone_949,nd.automated+drone_949@gmail.com,nd.drone_949,Automated
nd.automated-drone_950,nd.automated+drone_950@gmail.com,nd.drone_950,Automated
nd.automated-drone_951,nd.automated+drone_951@gmail.com,nd.drone_951,Automated
nd.automated-drone_952,nd.automated+drone_952@gmail.com,nd.drone_952,Automated
nd.automated-drone_953,nd.automated+drone_953@gmail.com,nd.drone_953,Automated
nd.automated-drone_954,nd.automated+drone_954@gmail.com,nd.drone_954,Automated
nd.automated-drone_955,nd.automated+drone_955@gmail.com,nd.drone_955,Automated
nd.automated-drone_956,nd.automated+drone_956@gmail.com,nd.drone_956,Automated
nd.automated-drone_957,nd.automated+drone_957@gmail.com,nd.drone_957,Automated
nd.automated-drone_958,nd.automated+drone_958@gmail.com,nd.drone_958,Automated
nd.automated-drone_959,nd.automated+drone_959@gmail.com,nd.drone_959,Automated
nd.automated-drone_960,nd.automated+drone_960@gmail.com,nd.drone_960,Automated
nd.automated-drone_961,nd.automated+drone_961@gmail.com,nd.drone_961,Automated
nd.automated-drone_962,nd.automated+drone_962@gmail.com,nd.drone_962,Automated
nd.automated-drone_963,nd.automated+drone_963@gmail.com,nd.drone_963,Automated
nd.automated-drone_964,nd.automated+drone_964@gmail.com,nd.drone_964,Automated
nd.automated-drone_965,nd.automated+drone_965@gmail.com,nd.drone_965,Automated
nd.automated-drone_966,nd.automated+drone_966@gmail.com,nd.drone_966,Automated
nd.automated-drone_967,nd.automated+drone_967@gmail.com,nd.drone_967,Automated
nd.automated-drone_968,nd.automated+drone_968@gmail.com,nd.drone_968,Automated
nd.automated-drone_969,nd.automated+drone_969@gmail.com,nd.drone_969,Automated
nd.automated-drone_970,nd.automated+drone_970@gmail.com,nd.drone_970,Automated
nd.automated-drone_971,nd.automated+drone_971@gmail.com,nd.drone_971,Automated
nd.automated-drone_972,nd.automated+drone_972@gmail.com,nd.drone_972,Automated
nd.automated-drone_973,nd.automated+drone_973@gmail.com,nd.drone_973,Automated
nd.automated-drone_974,nd.automated+drone_974@gmail.com,nd.drone_974,Automated
nd.automated-drone_975,nd.automated+drone_975@gmail.com,nd.drone_975,Automated
nd.automated-drone_976,nd.automated+drone_976@gmail.com,nd.drone_976,Automated
nd.automated-drone_977,nd.automated+drone_977@gmail.com,nd.drone_977,Automated
nd.automated-drone_978,nd.automated+drone_978@gmail.com,nd.drone_978,Automated
nd.automated-drone_979,nd.automated+drone_979@gmail.com,nd.drone_979,Automated
nd.automated-drone_980,nd.automated+drone_980@gmail.com,nd.drone_980,Automated
nd.automated-drone_981,nd.automated+drone_981@gmail.com,nd.drone_981,Automated
nd.automated-drone_982,nd.automated+drone_982@gmail.com,nd.drone_982,Automated
nd.automated-drone_983,nd.automated+drone_983@gmail.com,nd.drone_983,Automated
nd.automated-drone_984,nd.automated+drone_984@gmail.com,nd.drone_984,Automated
nd.automated-drone_985,nd.automated+drone_985@gmail.com,nd.drone_985,Automated
nd.automated-drone_986,nd.automated+drone_986@gmail.com,nd.drone_986,Automated
nd.automated-drone_987,nd.automated+drone_987@gmail.com,nd.drone_987,Automated
nd.automated-drone_988,nd.automated+drone_988@gmail.com,nd.drone_988,Automated
nd.automated-drone_989,nd.automated+drone_989@gmail.com,nd.drone_989,Automated
nd.automated-drone_990,nd.automated+drone_990@gmail.com,nd.drone_990,Automated
nd.automated-drone_991,nd.automated+drone_991@gmail.com,nd.drone_991,Automated
nd.automated-drone_992,nd.automated+drone_992@gmail.com,nd.drone_992,Automated
nd.automated-drone_993,nd.automated+drone_993@gmail.com,nd.drone_993,Automated
nd.automated-drone_994,nd.automated+drone_994@gmail.com,nd.drone_994,Automated
nd.automated-drone_995,nd.automated+drone_995@gmail.com,nd.drone_995,Automated
nd.automated-drone_996,nd.automated+drone_996@gmail.com,nd.drone_996,Automated
nd.automated-drone_997,nd.automated+drone_997@gmail.com,nd.drone_997,Automated
nd.automated-drone_998,nd.automated+drone_998@gmail.com,nd.drone_998,Automated
nd.automated-drone_999,nd.automated+drone_999@gmail.com,nd.drone_999,Automated
